[
  {
    "name": "Adair",
    "full": "Adair County",
    "fips": "21001"
  },
  {
    "name": "Allen",
    "full": "Allen County",
    "fips": "21003"
  },
  {
    "name": "Anderson",
    "full": "Anderson County",
    "fips": "21005"
  },
  {
    "name": "Ballard",
    "full": "Ballard County",
    "fips": "21007"
  },
  {
    "name": "Barren",
    "full": "Barren County",
    "fips": "21009"
  },
  {
    "name": "Bath",
    "full": "Bath County",
    "fips": "21011"
  },
  {
    "name": "Bell",
    "full": "Bell County",
    "fips": "21013"
  },
  {
    "name": "Boone",
    "full": "Boone County",
    "fips": "21015"
  },
  {
    "name": "Bourbon",
    "full": "Bourbon County",
    "fips": "21017"
  },
  {
    "name": "Boyd",
    "full": "Boyd County",
    "fips": "21019"
  },
  {
    "name": "Boyle",
    "full": "Boyle County",
    "fips": "21021"
  },
  {
    "name": "Bracken",
    "full": "Bracken County",
    "fips": "21023"
  },
  {
    "name": "Breathitt",
    "full": "Breathitt County",
    "fips": "21025"
  },
  {
    "name": "Breckinridge",
    "full": "Breckinridge County",
    "fips": "21027"
  },
  {
    "name": "Bullitt",
    "full": "Bullitt County",
    "fips": "21029"
  },
  {
    "name": "Butler",
    "full": "Butler County",
    "fips": "21031"
  },
  {
    "name": "Caldwell",
    "full": "Caldwell County",
    "fips": "21033"
  },
  {
    "name": "Calloway",
    "full": "Calloway County",
    "fips": "21035"
  },
  {
    "name": "Campbell",
    "full": "Campbell County",
    "fips": "21037"
  },
  {
    "name": "Carlisle",
    "full": "Carlisle County",
    "fips": "21039"
  },
  {
    "name": "Carroll",
    "full": "Carroll County",
    "fips": "21041"
  },
  {
    "name": "Carter",
    "full": "Carter County",
    "fips": "21043"
  },
  {
    "name": "Casey",
    "full": "Casey County",
    "fips": "21045"
  },
  {
    "name": "Christian",
    "full": "Christian County",
    "fips": "21047"
  },
  {
    "name": "Clark",
    "full": "Clark County",
    "fips": "21049"
  },
  {
    "name": "Clay",
    "full": "Clay County",
    "fips": "21051"
  },
  {
    "name": "Clinton",
    "full": "Clinton County",
    "fips": "21053"
  },
  {
    "name": "Crittenden",
    "full": "Crittenden County",
    "fips": "21055"
  },
  {
    "name": "Cumberland",
    "full": "Cumberland County",
    "fips": "21057"
  },
  {
    "name": "Daviess",
    "full": "Daviess County",
    "fips": "21059"
  },
  {
    "name": "Edmonson",
    "full": "Edmonson County",
    "fips": "21061"
  },
  {
    "name": "Elliott",
    "full": "Elliott County",
    "fips": "21063"
  },
  {
    "name": "Estill",
    "full": "Estill County",
    "fips": "21065"
  },
  {
    "name": "Fayette",
    "full": "Fayette County",
    "fips": "21067"
  },
  {
    "name": "Fleming",
    "full": "Fleming County",
    "fips": "21069"
  },
  {
    "name": "Floyd",
    "full": "Floyd County",
    "fips": "21071"
  },
  {
    "name": "Franklin",
    "full": "Franklin County",
    "fips": "21073"
  },
  {
    "name": "Fulton",
    "full": "Fulton County",
    "fips": "21075"
  },
  {
    "name": "Gallatin",
    "full": "Gallatin County",
    "fips": "21077"
  },
  {
    "name": "Garrard",
    "full": "Garrard County",
    "fips": "21079"
  },
  {
    "name": "Grant",
    "full": "Grant County",
    "fips": "21081"
  },
  {
    "name": "Graves",
    "full": "Graves County",
    "fips": "21083"
  },
  {
    "name": "Grayson",
    "full": "Grayson County",
    "fips": "21085"
  },
  {
    "name": "Green",
    "full": "Green County",
    "fips": "21087"
  },
  {
    "name": "Greenup",
    "full": "Greenup County",
    "fips": "21089"
  },
  {
    "name": "Hancock",
    "full": "Hancock County",
    "fips": "21091"
  },
  {
    "name": "Hardin",
    "full": "Hardin County",
    "fips": "21093"
  },
  {
    "name": "Harlan",
    "full": "Harlan County",
    "fips": "21095"
  },
  {
    "name": "Harrison",
    "full": "Harrison County",
    "fips": "21097"
  },
  {
    "name": "Hart",
    "full": "Hart County",
    "fips": "21099"
  },
  {
    "name": "Henderson",
    "full": "Henderson County",
    "fips": "21101"
  },
  {
    "name": "Henry",
    "full": "Henry County",
    "fips": "21103"
  },
  {
    "name": "Hickman",
    "full": "Hickman County",
    "fips": "21105"
  },
  {
    "name": "Hopkins",
    "full": "Hopkins County",
    "fips": "21107"
  },
  {
    "name": "Jackson",
    "full": "Jackson County",
    "fips": "21109"
  },
  {
    "name": "Jefferson",
    "full": "Jefferson County",
    "fips": "21111"
  },
  {
    "name": "Jessamine",
    "full": "Jessamine County",
    "fips": "21113"
  },
  {
    "name": "Johnson",
    "full": "Johnson County",
    "fips": "21115"
  },
  {
    "name": "Kenton",
    "full": "Kenton County",
    "fips": "21117"
  },
  {
    "name": "Knott",
    "full": "Knott County",
    "fips": "21119"
  },
  {
    "name": "Knox",
    "full": "Knox County",
    "fips": "21121"
  },
  {
    "name": "Larue",
    "full": "Larue County",
    "fips": "21123"
  },
  {
    "name": "Laurel",
    "full": "Laurel County",
    "fips": "21125"
  },
  {
    "name": "Lawrence",
    "full": "Lawrence County",
    "fips": "21127"
  },
  {
    "name": "Lee",
    "full": "Lee County",
    "fips": "21129"
  },
  {
    "name": "Leslie",
    "full": "Leslie County",
    "fips": "21131"
  },
  {
    "name": "Letcher",
    "full": "Letcher County",
    "fips": "21133"
  },
  {
    "name": "Lewis",
    "full": "Lewis County",
    "fips": "21135"
  },
  {
    "name": "Lincoln",
    "full": "Lincoln County",
    "fips": "21137"
  },
  {
    "name": "Livingston",
    "full": "Livingston County",
    "fips": "21139"
  },
  {
    "name": "Logan",
    "full": "Logan County",
    "fips": "21141"
  },
  {
    "name": "Lyon",
    "full": "Lyon County",
    "fips": "21143"
  },
  {
    "name": "Madison",
    "full": "Madison County",
    "fips": "21151"
  },
  {
    "name": "Magoffin",
    "full": "Magoffin County",
    "fips": "21153"
  },
  {
    "name": "Marion",
    "full": "Marion County",
    "fips": "21155"
  },
  {
    "name": "Marshall",
    "full": "Marshall County",
    "fips": "21157"
  },
  {
    "name": "Martin",
    "full": "Martin County",
    "fips": "21159"
  },
  {
    "name": "Mason",
    "full": "Mason County",
    "fips": "21161"
  },
  {
    "name": "McCracken",
    "full": "McCracken County",
    "fips": "21145"
  },
  {
    "name": "McCreary",
    "full": "McCreary County",
    "fips": "21147"
  },
  {
    "name": "McLean",
    "full": "McLean County",
    "fips": "21149"
  },
  {
    "name": "Meade",
    "full": "Meade County",
    "fips": "21163"
  },
  {
    "name": "Menifee",
    "full": "Menifee County",
    "fips": "21165"
  },
  {
    "name": "Mercer",
    "full": "Mercer County",
    "fips": "21167"
  },
  {
    "name": "Metcalfe",
    "full": "Metcalfe County",
    "fips": "21169"
  },
  {
    "name": "Monroe",
    "full": "Monroe County",
    "fips": "21171"
  },
  {
    "name": "Montgomery",
    "full": "Montgomery County",
    "fips": "21173"
  },
  {
    "name": "Morgan",
    "full": "Morgan County",
    "fips": "21175"
  },
  {
    "name": "Muhlenberg",
    "full": "Muhlenberg County",
    "fips": "21177"
  },
  {
    "name": "Nelson",
    "full": "Nelson County",
    "fips": "21179"
  },
  {
    "name": "Nicholas",
    "full": "Nicholas County",
    "fips": "21181"
  },
  {
    "name": "Ohio",
    "full": "Ohio County",
    "fips": "21183"
  },
  {
    "name": "Oldham",
    "full": "Oldham County",
    "fips": "21185"
  },
  {
    "name": "Owen",
    "full": "Owen County",
    "fips": "21187"
  },
  {
    "name": "Owsley",
    "full": "Owsley County",
    "fips": "21189"
  },
  {
    "name": "Pendleton",
    "full": "Pendleton County",
    "fips": "21191"
  },
  {
    "name": "Perry",
    "full": "Perry County",
    "fips": "21193"
  },
  {
    "name": "Pike",
    "full": "Pike County",
    "fips": "21195"
  },
  {
    "name": "Powell",
    "full": "Powell County",
    "fips": "21197"
  },
  {
    "name": "Pulaski",
    "full": "Pulaski County",
    "fips": "21199"
  },
  {
    "name": "Robertson",
    "full": "Robertson County",
    "fips": "21201"
  },
  {
    "name": "Rockcastle",
    "full": "Rockcastle County",
    "fips": "21203"
  },
  {
    "name": "Rowan",
    "full": "Rowan County",
    "fips": "21205"
  },
  {
    "name": "Russell",
    "full": "Russell County",
    "fips": "21207"
  },
  {
    "name": "Scott",
    "full": "Scott County",
    "fips": "21209"
  },
  {
    "name": "Shelby",
    "full": "Shelby County",
    "fips": "21211"
  },
  {
    "name": "Simpson",
    "full": "Simpson County",
    "fips": "21213"
  },
  {
    "name": "Spencer",
    "full": "Spencer County",
    "fips": "21215"
  },
  {
    "name": "Taylor",
    "full": "Taylor County",
    "fips": "21217"
  },
  {
    "name": "Todd",
    "full": "Todd County",
    "fips": "21219"
  },
  {
    "name": "Trigg",
    "full": "Trigg County",
    "fips": "21221"
  },
  {
    "name": "Trimble",
    "full": "Trimble County",
    "fips": "21223"
  },
  {
    "name": "Union",
    "full": "Union County",
    "fips": "21225"
  },
  {
    "name": "Warren",
    "full": "Warren County",
    "fips": "21227"
  },
  {
    "name": "Washington",
    "full": "Washington County",
    "fips": "21229"
  },
  {
    "name": "Wayne",
    "full": "Wayne County",
    "fips": "21231"
  },
  {
    "name": "Webster",
    "full": "Webster County",
    "fips": "21233"
  },
  {
    "name": "Whitley",
    "full": "Whitley County",
    "fips": "21235"
  },
  {
    "name": "Wolfe",
    "full": "Wolfe County",
    "fips": "21237"
  },
  {
    "name": "Woodford",
    "full": "Woodford County",
    "fips": "21239"
  }
]